Sample,Total Raw Reads(Mb),Total Clean Reads(Mb),Total Clean Bases(Gb),Clean Reads Q20(%),Clean Reads Q30(%),Clean Reads Ratio(%),GC(%)
17C8-E20-A10,3.54,3.54,0.54,97.09,93.22,99.99,47.12
17C8-E20-A11,2.16,2.16,0.33,96.06,91.14,99.99,46.80
17C8-E20-A1,1.45,1.45,0.22,96.44,92.52,99.99,48.46
17C8-E20-A12,2.23,2.23,0.34,96.55,92.75,99.99,46.71
17C8-E20-A13,2.09,2.09,0.32,95.81,91.89,99.99,47.67
17C8-E20-A14,1.93,1.93,0.29,96.47,92.84,99.99,47.31
17C8-E20-A15,2.34,2.34,0.35,95.94,91.72,99.99,46.95
17C8-E20-A16,3.12,3.12,0.47,96.94,93.14,99.99,46.97
17C8-E20-A17,2.41,2.41,0.36,95.28,88.51,99.99,47.45
17C8-E20-A18,4.39,4.39,0.66,96.93,92.69,99.99,47.80
17C8-E20-A19,3.41,3.41,0.52,96.91,93.14,99.99,47.15
17C8-E20-A20,2.35,2.35,0.35,97.33,93.96,100.00,47.37
17C8-E20-A21,4.57,4.57,0.69,96.44,92.49,99.99,46.47
17C8-E20-A2,3.06,3.05,0.46,96.71,91.87,99.99,47.91
17C8-E20-A22,2.50,2.50,0.38,96.47,92.54,99.99,46.61
17C8-E20-A23,3.98,3.98,0.60,97.02,93.11,99.99,47.45
17C8-E20-A24,4.63,4.63,0.70,97.01,92.53,99.99,48.39
17C8-E20-A3,2.75,2.75,0.41,96.87,92.51,99.99,46.62
17C8-E20-A4,2.90,2.90,0.44,96.97,93.13,99.99,47.03
17C8-E20-A5,2.90,2.90,0.44,96.25,91.22,99.99,47.39
17C8-E20-A6,1.71,1.71,0.26,96.37,92.52,99.99,46.51
17C8-E20-A7,3.57,3.57,0.54,96.88,92.93,99.99,48.47
17C8-E20-A8,3.28,3.28,0.49,96.69,92.67,99.99,47.25
17C8-E20-A9,1.88,1.88,0.28,95.79,91.46,99.99,46.22
17C8-E20-B10,2.88,2.88,0.44,96.68,92.74,99.99,47.06
17C8-E20-B11,1.44,1.44,0.22,96.14,92.17,99.99,46.02
17C8-E20-B1,0.00,0.00,0.00,93.51,89.15,100.00,54.24
17C8-E20-B12,3.60,3.60,0.54,95.72,89.73,99.99,47.23
17C8-E20-B13,4.33,4.33,0.65,96.77,92.41,99.99,48.81
17C8-E20-B14,3.74,3.74,0.56,96.41,91.55,99.99,47.16
17C8-E20-B15,4.27,4.27,0.64,97.15,93.32,99.99,47.54
17C8-E20-B17,3.04,3.04,0.46,96.32,91.12,100.00,46.81
17C8-E20-B19,1.99,1.99,0.30,94.80,87.68,100.00,46.40
17C8-E20-B20,3.66,3.66,0.55,95.78,89.43,100.00,46.98
17C8-E20-B21,0.47,0.47,0.07,93.72,89.03,99.99,46.30
17C8-E20-B2,4.07,4.07,0.62,96.98,92.72,99.99,47.71
17C8-E20-B22,2.82,2.82,0.43,96.75,93.09,99.99,47.76
17C8-E20-B23,1.43,1.43,0.22,95.72,91.80,99.99,46.88
17C8-E20-B24,1.21,1.21,0.18,95.73,91.85,99.99,47.10
17C8-E20-B3,2.85,2.85,0.43,96.38,91.00,99.99,47.45
17C8-E20-B4,3.26,3.26,0.49,96.39,91.25,100.00,46.34
17C8-E20-B5,1.20,1.20,0.18,95.78,91.86,99.99,47.03
17C8-E20-B6,1.43,1.43,0.22,96.02,92.22,99.99,46.08
17C8-E20-B7,3.48,3.48,0.53,97.12,93.18,99.99,47.28
17C8-E20-B8,0.70,0.70,0.11,93.65,87.83,99.98,45.89
17C8-E20-B9,4.84,4.84,0.73,96.97,92.70,99.99,47.52
17C8-E20-C10,2.63,2.63,0.40,96.94,93.14,99.99,47.18
17C8-E20-C11,3.31,3.31,0.50,97.15,93.34,99.99,47.50
17C8-E20-C1,2.37,2.37,0.36,96.93,93.16,99.99,47.83
17C8-E20-C12,2.74,2.74,0.41,96.25,90.66,99.99,46.92
17C8-E20-C13,3.04,3.04,0.46,96.40,92.27,99.99,47.48
17C8-E20-C14,1.68,1.68,0.25,94.88,88.05,99.99,46.43
17C8-E20-C15,1.41,1.41,0.21,96.42,92.84,99.99,48.93
17C8-E20-C16,4.46,4.46,0.67,97.09,93.28,99.99,47.66
17C8-E20-C17,1.52,1.52,0.23,91.03,79.36,99.99,46.31
17C8-E20-C18,3.24,3.24,0.49,96.82,93.03,99.99,47.07
17C8-E20-C19,0.82,0.82,0.12,95.19,90.72,99.99,44.62
17C8-E20-C20,2.37,2.37,0.36,97.38,93.66,100.00,47.33
17C8-E20-C21,2.46,2.46,0.37,94.49,87.25,99.99,46.42
17C8-E20-C2,1.72,1.72,0.26,96.19,92.31,99.99,46.42
17C8-E20-C22,1.64,1.64,0.25,96.46,92.77,99.99,46.65
17C8-E20-C23,3.60,3.60,0.54,97.00,92.94,99.99,47.25
17C8-E20-C24,2.98,2.98,0.45,96.42,91.34,99.99,47.05
17C8-E20-C3,3.79,3.79,0.57,94.97,88.38,99.99,48.02
17C8-E20-C4,3.58,3.58,0.54,96.85,92.68,99.99,46.46
17C8-E20-C5,3.25,3.25,0.49,96.85,92.97,99.99,47.06
17C8-E20-C6,2.62,2.62,0.40,97.04,93.31,99.99,46.98
17C8-E20-C7,4.47,4.47,0.67,96.86,92.50,99.99,48.23
17C8-E20-C8,2.70,2.70,0.41,95.13,87.77,99.99,46.72
17C8-E20-C9,2.09,2.09,0.32,96.20,91.38,99.99,46.94
17C8-E20-D10,3.92,3.92,0.59,96.97,93.06,99.99,46.83
17C8-E20-D11,2.87,2.87,0.43,96.94,92.96,99.99,46.99
17C8-E20-D1,3.56,3.56,0.54,97.20,93.18,99.99,48.61
17C8-E20-D12,2.62,2.62,0.40,96.69,92.81,99.99,47.12
17C8-E20-D13,1.93,1.93,0.29,96.02,91.97,99.99,45.99
17C8-E20-D14,1.41,1.41,0.21,95.37,91.37,99.99,46.86
17C8-E20-D15,2.45,2.45,0.37,95.15,88.29,99.99,46.22
17C8-E20-D17,4.78,4.78,0.72,97.02,92.85,99.99,47.80
17C8-E20-D19,2.24,2.24,0.34,96.61,92.89,99.99,46.79
17C8-E20-D20,4.35,4.35,0.66,97.03,92.92,99.99,47.48
17C8-E20-D21,0.78,0.78,0.12,94.59,88.76,99.99,47.34
17C8-E20-D2,3.27,3.27,0.49,97.16,93.28,99.99,47.82
17C8-E20-D22,4.33,4.33,0.65,96.53,91.66,100.00,48.03
17C8-E20-D23,0.38,0.38,0.06,93.83,85.78,99.99,45.14
17C8-E20-D24,3.27,3.27,0.49,96.80,92.46,99.99,47.34
17C8-E20-D3,3.66,3.66,0.55,97.06,93.28,99.99,46.41
17C8-E20-D4,2.91,2.91,0.44,96.81,92.81,99.99,47.27
17C8-E20-D5,3.21,3.21,0.49,97.13,93.52,99.99,47.20
17C8-E20-D6,2.92,2.92,0.44,96.98,93.03,99.99,47.01
17C8-E20-D7,2.60,2.60,0.39,96.78,92.87,99.99,47.35
17C8-E20-D8,3.86,3.86,0.58,97.16,93.06,100.00,48.33
17C8-E20-D9,4.27,4.27,0.64,97.30,93.37,99.99,47.78
17C8-E20-E10,4.15,4.15,0.63,96.95,92.46,100.00,47.81
17C8-E20-E11,2.57,2.57,0.39,97.08,93.46,99.99,47.12
17C8-E20-E1,1.22,1.22,0.18,96.03,92.07,99.99,47.27
17C8-E20-E12,3.77,3.77,0.57,96.98,92.73,99.99,47.61
17C8-E20-E13,3.94,3.94,0.59,96.60,92.00,99.99,47.29
17C8-E20-E14,2.33,2.33,0.35,96.29,92.25,99.99,46.76
17C8-E20-E15,3.45,3.45,0.52,96.81,92.84,99.99,47.62
17C8-E20-E16,2.28,2.28,0.34,96.66,93.06,99.99,47.12
17C8-E20-E17,2.30,2.30,0.35,96.47,92.72,99.99,46.42
17C8-E20-E18,2.66,2.66,0.40,96.77,92.97,99.99,47.20
17C8-E20-E19,4.07,4.07,0.62,97.05,93.10,99.99,47.00
17C8-E20-E20,1.76,1.76,0.27,97.22,93.83,100.00,46.87
17C8-E20-E21,5.81,5.81,0.88,96.65,92.40,99.99,47.07
17C8-E20-E2,2.24,2.24,0.34,97.18,93.62,99.99,48.19
17C8-E20-E22,1.94,1.94,0.29,96.11,92.04,99.99,46.88
17C8-E20-E23,3.00,3.00,0.45,96.90,93.25,99.99,47.90
17C8-E20-E24,2.47,2.47,0.37,96.50,92.53,99.99,46.84
17C8-E20-E3,0.92,0.92,0.14,95.75,91.72,99.98,46.42
17C8-E20-E4,2.27,2.27,0.34,96.75,92.90,99.99,47.04
17C8-E20-E5,3.76,3.76,0.57,96.94,92.98,99.99,47.48
17C8-E20-E6,2.98,2.98,0.45,97.28,93.61,99.99,47.20
17C8-E20-E7,2.65,2.65,0.40,96.44,92.36,99.99,46.85
17C8-E20-E8,2.05,2.05,0.31,96.51,92.60,99.99,46.72
17C8-E20-E9,1.40,1.40,0.21,96.11,92.33,99.99,47.51
17C8-E20-F10,3.59,3.59,0.54,97.11,93.39,99.99,47.77
17C8-E20-F11,3.27,3.27,0.49,97.09,93.39,99.99,47.38
17C8-E20-F1,3.15,3.15,0.48,96.81,92.67,99.99,47.30
17C8-E20-F12,2.90,2.90,0.44,96.95,92.79,99.99,47.22
17C8-E20-F13,2.25,2.25,0.34,95.81,90.31,99.99,46.75
17C8-E20-F14,4.52,4.52,0.68,97.17,93.23,99.99,47.54
17C8-E20-F15,4.28,4.28,0.65,97.02,92.23,99.99,48.14
17C8-E20-F17,2.29,2.29,0.35,96.59,92.83,99.99,46.62
17C8-E20-F19,1.45,1.45,0.22,94.92,90.57,99.99,43.41
17C8-E20-F20,1.25,1.25,0.19,94.83,89.12,99.99,47.23
17C8-E20-F21,0.92,0.92,0.14,95.20,91.17,99.99,47.13
17C8-E20-F2,2.31,2.31,0.35,96.93,93.22,99.99,47.81
17C8-E20-F22,2.91,2.91,0.44,97.01,93.25,100.00,47.33
17C8-E20-F23,1.73,1.73,0.26,96.82,93.16,99.99,47.20
17C8-E20-F24,1.42,1.42,0.21,96.02,92.44,99.99,47.20
17C8-E20-F3,3.76,3.76,0.57,97.24,93.52,99.99,47.95
17C8-E20-F4,3.26,3.25,0.49,96.58,92.39,99.99,46.39
17C8-E20-F5,3.55,3.55,0.54,96.12,90.94,99.99,46.92
17C8-E20-F6,2.37,2.37,0.36,96.77,91.83,99.99,47.55
17C8-E20-F7,3.91,3.91,0.59,97.30,93.31,99.99,48.13
17C8-E20-F8,2.25,2.25,0.34,96.95,93.29,99.99,47.31
17C8-E20-F9,2.94,2.94,0.44,96.47,92.63,99.99,47.22
17C8-E20-G10,2.22,2.22,0.33,96.06,91.31,99.99,47.03
17C8-E20-G11,3.99,3.99,0.60,96.56,91.21,99.99,46.92
17C8-E20-G1,2.99,2.99,0.45,97.40,93.81,99.99,48.24
17C8-E20-G12,3.14,3.14,0.47,95.52,88.62,99.99,47.74
17C8-E20-G13,3.76,3.76,0.57,97.04,93.23,99.99,47.47
17C8-E20-G14,3.19,3.19,0.48,97.08,93.57,99.99,47.90
17C8-E20-G15,3.91,3.91,0.59,97.35,93.72,99.99,47.80
17C8-E20-G16,1.59,1.59,0.24,96.03,92.21,99.99,47.82
17C8-E20-G17,2.93,2.93,0.44,96.97,93.25,99.99,48.03
17C8-E20-G18,1.93,1.93,0.29,96.41,92.59,99.99,46.89
17C8-E20-G19,1.33,1.33,0.20,93.39,83.97,100.00,46.02
17C8-E20-G20,1.94,1.94,0.29,97.26,93.85,100.00,46.96
17C8-E20-G21,3.91,3.91,0.59,95.91,91.56,99.99,46.58
17C8-E20-G2,3.92,3.92,0.59,97.35,93.59,99.99,48.36
17C8-E20-G22,1.31,1.31,0.20,96.02,92.33,99.99,47.77
17C8-E20-G23,1.17,1.17,0.18,95.51,91.53,99.99,46.44
17C8-E20-G24,1.30,1.30,0.20,95.69,91.70,99.99,46.34
17C8-E20-G3,3.84,3.84,0.58,97.08,92.81,99.99,47.50
17C8-E20-G4,2.00,2.00,0.30,96.65,93.03,99.99,47.00
17C8-E20-G5,4.22,4.22,0.64,97.05,92.98,99.99,47.29
17C8-E20-G6,3.44,3.44,0.52,97.06,92.79,99.99,47.81
17C8-E20-G7,4.55,4.55,0.69,97.25,93.17,99.99,48.31
17C8-E20-G8,3.28,3.28,0.50,96.65,91.85,99.99,47.40
17C8-E20-G9,2.84,2.84,0.43,97.08,93.42,99.99,47.88
17C8-E20-H10,2.10,2.10,0.32,94.30,86.27,99.99,47.50
17C8-E20-H11,3.39,3.39,0.51,97.09,93.19,99.99,47.04
17C8-E20-H1,2.88,2.88,0.43,96.87,92.90,99.99,47.80
17C8-E20-H12,2.09,2.09,0.32,96.00,90.76,99.99,46.99
17C8-E20-H13,2.76,2.76,0.42,96.54,92.75,99.99,46.36
17C8-E20-H14,3.80,3.80,0.57,97.12,93.50,99.99,47.36
17C8-E20-H15,3.62,3.62,0.55,97.14,93.36,99.99,47.99
17C8-E20-H17,5.93,5.93,0.90,97.12,92.78,100.00,48.53
17C8-E20-H19,1.36,1.36,0.21,95.80,91.75,99.99,46.12
17C8-E20-H20,1.15,1.15,0.17,93.61,84.40,99.99,46.05
17C8-E20-H21,0.91,0.91,0.14,95.22,91.25,99.99,47.36
17C8-E20-H2,1.64,1.64,0.25,96.17,91.48,99.99,47.00
17C8-E20-H22,2.76,2.76,0.42,97.12,93.27,99.99,48.59
17C8-E20-H23,2.43,2.43,0.37,96.47,92.78,99.99,46.69
17C8-E20-H24,2.15,2.15,0.33,96.41,92.73,99.99,47.96
17C8-E20-H3,2.05,2.05,0.31,96.80,92.91,99.99,47.56
17C8-E20-H4,1.84,1.84,0.28,96.55,92.78,99.99,47.41
17C8-E20-H5,2.91,2.91,0.44,97.28,93.60,100.00,47.74
17C8-E20-H6,3.49,3.49,0.53,97.07,92.66,99.99,48.08
17C8-E20-H7,3.17,3.17,0.48,97.06,93.43,99.99,47.45
17C8-E20-H8,2.62,2.62,0.39,96.56,92.63,99.99,47.18
17C8-E20-H9,2.59,2.59,0.39,96.76,93.07,99.99,46.78
17C8-E20-I10,3.10,3.10,0.47,96.78,93.03,99.99,47.88
17C8-E20-I11,2.75,2.75,0.42,97.01,92.72,99.99,47.48
17C8-E20-I1,2.40,2.40,0.36,97.00,93.25,99.99,48.20
17C8-E20-I12,2.87,2.87,0.43,96.97,93.06,99.99,48.17
17C8-E20-I13,2.20,2.20,0.33,96.54,92.41,99.99,47.11
17C8-E20-I14,4.77,4.77,0.72,97.25,93.53,99.99,48.32
17C8-E20-I15,4.14,4.14,0.63,97.51,93.80,100.00,47.63
17C8-E20-I16,2.61,2.61,0.39,96.90,93.32,99.99,48.27
17C8-E20-I17,2.89,2.89,0.44,97.13,93.48,99.99,47.26
17C8-E20-I18,4.88,4.88,0.74,96.96,92.57,99.99,48.33
17C8-E20-I19,4.06,4.06,0.61,97.15,93.22,99.99,47.54
17C8-E20-I20,0.85,0.85,0.13,96.37,92.90,99.99,46.53
17C8-E20-I21,1.84,1.84,0.28,95.05,89.84,99.99,46.34
17C8-E20-I2,2.34,2.34,0.35,96.56,92.22,99.99,47.33
17C8-E20-I22,1.82,1.82,0.27,96.47,92.72,99.99,46.36
17C8-E20-I23,0.96,0.96,0.15,95.39,90.78,99.99,46.65
17C8-E20-I24,1.62,1.62,0.24,95.83,91.91,99.99,47.16
17C8-E20-I3,2.88,2.88,0.44,97.03,93.46,99.99,47.17
17C8-E20-I4,1.11,1.11,0.17,94.30,86.48,99.99,46.91
17C8-E20-I5,2.79,2.79,0.42,97.09,93.36,99.99,47.52
17C8-E20-I6,2.05,2.05,0.31,96.83,92.80,99.99,46.84
17C8-E20-I7,3.35,3.35,0.51,97.25,93.54,100.00,47.83
17C8-E20-I8,1.56,1.56,0.24,95.98,92.00,99.99,47.84
17C8-E20-I9,2.93,2.93,0.44,96.98,93.20,99.99,47.12
17C8-E20-J10,2.84,2.84,0.43,96.00,90.03,99.99,47.66
17C8-E20-J11,3.74,3.74,0.57,97.18,93.26,99.99,47.11
17C8-E20-J1,3.94,3.94,0.60,97.04,92.52,99.99,48.22
17C8-E20-J12,2.36,2.36,0.36,96.46,92.59,99.99,46.10
17C8-E20-J13,1.46,1.46,0.22,94.52,88.09,99.99,46.47
17C8-E20-J14,0.58,0.58,0.09,92.50,87.27,99.99,47.63
17C8-E20-J15,2.07,2.07,0.31,96.62,93.06,99.99,47.50
17C8-E20-J17,5.52,5.52,0.83,97.37,93.39,99.99,48.54
17C8-E20-J19,2.57,2.57,0.39,96.44,92.47,99.99,47.07
17C8-E20-J20,0.65,0.65,0.10,94.55,90.33,99.99,46.34
17C8-E20-J21,0.28,0.28,0.04,91.61,86.33,99.99,45.05
17C8-E20-J2,3.11,3.10,0.47,96.98,93.30,99.99,47.98
17C8-E20-J22,1.21,1.21,0.18,95.60,91.57,99.98,48.72
17C8-E20-J23,1.03,1.03,0.16,95.24,91.28,99.99,46.76
17C8-E20-J24,3.49,3.49,0.53,96.86,92.30,99.99,47.06
17C8-E20-J3,1.62,1.62,0.25,96.56,92.69,99.99,46.19
17C8-E20-J4,1.73,1.73,0.26,96.53,92.89,99.99,46.66
17C8-E20-J5,1.91,1.91,0.29,96.62,92.89,99.99,46.73
17C8-E20-J6,1.68,1.68,0.25,97.10,93.30,99.99,46.55
17C8-E20-J7,3.02,3.02,0.46,96.95,93.40,99.99,47.67
17C8-E20-J8,3.59,3.59,0.54,96.80,92.65,99.99,47.76
17C8-E20-J9,3.79,3.79,0.57,97.16,93.60,99.99,47.77
17C8-E20-K10,1.88,1.88,0.28,95.86,91.36,99.99,46.95
17C8-E20-K11,2.67,2.67,0.40,97.11,93.51,99.99,47.15
17C8-E20-K1,1.58,1.58,0.24,97.02,93.55,99.99,48.41
17C8-E20-K12,0.91,0.91,0.14,92.08,81.24,99.99,45.77
17C8-E20-K13,1.81,1.81,0.27,95.93,91.66,99.99,46.67
17C8-E20-K14,4.90,4.90,0.74,97.24,93.24,99.99,48.24
17C8-E20-K15,4.05,4.05,0.61,95.17,88.10,100.00,47.91
17C8-E20-K16,2.90,2.90,0.44,96.03,90.02,99.99,47.28
17C8-E20-K17,3.53,3.53,0.53,97.31,93.69,99.99,47.52
17C8-E20-K18,2.26,2.26,0.34,96.55,92.34,99.99,46.79
17C8-E20-K19,2.79,2.79,0.42,96.64,92.15,99.99,47.11
17C8-E20-K20,2.01,2.01,0.30,97.47,94.16,100.00,47.71
17C8-E20-K21,7.17,7.17,1.08,97.22,93.77,99.99,47.23
17C8-E20-K2,2.54,2.54,0.38,97.25,93.44,99.99,47.81
17C8-E20-K22,1.61,1.61,0.24,96.05,92.07,99.99,47.33
17C8-E20-K23,1.86,1.86,0.28,95.98,91.03,99.99,46.71
17C8-E20-K24,1.65,1.65,0.25,95.37,89.91,99.99,48.24
17C8-E20-K3,2.74,2.74,0.41,96.84,93.00,99.99,47.06
17C8-E20-K4,2.20,2.20,0.33,96.74,93.05,99.99,46.49
17C8-E20-K5,1.45,1.45,0.22,96.39,92.33,99.99,46.66
17C8-E20-K6,3.07,3.07,0.46,97.11,93.36,99.99,47.36
17C8-E20-K7,1.94,1.94,0.29,96.54,92.69,99.99,46.99
17C8-E20-K8,3.47,3.47,0.52,97.20,93.41,99.99,47.98
17C8-E20-K9,2.54,2.54,0.38,96.85,93.10,99.99,47.09
17C8-E20-L10,1.96,1.96,0.30,96.58,92.69,99.99,46.73
17C8-E20-L11,2.31,2.31,0.35,96.62,92.83,99.99,47.38
17C8-E20-L1,4.34,4.34,0.66,97.38,93.58,100.00,48.92
17C8-E20-L12,2.54,2.54,0.38,96.88,93.22,99.99,47.35
17C8-E20-L13,2.80,2.80,0.42,95.32,88.38,99.99,47.70
17C8-E20-L14,4.19,4.19,0.63,97.27,93.56,100.00,48.20
17C8-E20-L15,2.76,2.76,0.42,96.84,92.94,99.99,47.22
17C8-E20-L17,2.46,2.46,0.37,96.92,93.24,99.99,47.41
17C8-E20-L19,1.70,1.70,0.26,96.23,92.38,99.99,46.84
17C8-E20-L20,2.00,2.00,0.30,96.62,92.84,99.99,46.38
17C8-E20-L21,0.79,0.79,0.12,94.62,90.22,100.00,46.70
17C8-E20-L2,3.91,3.91,0.59,97.13,93.28,99.99,47.82
17C8-E20-L22,2.10,2.10,0.32,96.25,92.25,99.99,47.72
17C8-E20-L23,1.37,1.37,0.21,95.89,91.92,99.99,46.66
17C8-E20-L24,1.47,1.47,0.22,96.00,91.03,99.99,47.16
17C8-E20-L3,1.04,1.04,0.16,96.03,92.08,99.99,46.75
17C8-E20-L4,1.68,1.68,0.25,96.29,92.56,99.99,46.91
17C8-E20-L5,2.47,2.47,0.37,97.19,93.67,99.99,46.39
17C8-E20-L6,2.38,2.38,0.36,96.81,92.70,99.99,47.19
17C8-E20-L7,1.66,1.66,0.25,96.47,92.76,99.99,47.04
17C8-E20-L8,2.54,2.54,0.38,96.91,93.24,99.99,47.24
17C8-E20-L9,3.35,3.35,0.51,96.71,92.61,99.99,46.60
17C8-E20-M10,1.72,1.72,0.26,96.58,92.82,99.99,46.58
17C8-E20-M11,2.40,2.40,0.36,96.92,92.97,99.99,47.58
17C8-E20-M1,2.34,2.34,0.35,96.35,90.72,99.99,48.57
17C8-E20-M12,3.32,3.32,0.50,96.97,93.09,99.99,47.04
17C8-E20-M13,3.36,3.36,0.51,96.91,93.16,99.99,46.89
17C8-E20-M14,2.38,2.38,0.36,96.81,93.16,99.99,46.94
17C8-E20-M15,3.88,3.88,0.59,97.03,93.07,99.99,46.56
17C8-E20-M16,1.22,1.22,0.18,95.59,91.55,99.99,46.75
17C8-E20-M17,2.33,2.33,0.35,96.53,92.35,99.99,48.84
17C8-E20-M18,2.27,2.27,0.34,96.83,93.20,99.99,47.17
17C8-E20-M19,2.09,2.09,0.32,96.20,91.19,99.99,47.17
17C8-E20-M20,2.07,2.07,0.31,96.86,91.83,100.00,47.73
17C8-E20-M21,5.95,5.95,0.90,96.62,91.85,100.00,46.39
17C8-E20-M2,1.96,1.96,0.30,96.91,93.25,99.99,47.66
17C8-E20-M22,0.81,0.81,0.12,92.81,82.71,100.00,46.12
17C8-E20-M23,2.60,2.60,0.39,96.39,91.47,99.99,47.09
17C8-E20-M24,1.63,1.63,0.25,95.85,91.93,99.99,47.96
17C8-E20-M3,1.43,1.43,0.22,96.08,91.79,99.99,46.67
17C8-E20-M4,3.04,3.04,0.46,97.17,93.32,100.00,48.09
17C8-E20-M5,1.05,1.05,0.16,92.53,82.31,100.00,46.03
17C8-E20-M6,3.14,3.14,0.47,97.20,93.44,99.99,48.03
17C8-E20-M7,1.53,1.53,0.23,96.41,92.27,99.99,46.92
17C8-E20-M8,2.60,2.60,0.39,97.19,93.51,99.99,47.57
17C8-E20-M9,2.73,2.73,0.41,97.00,93.22,99.99,47.60
17C8-E20-N10,1.99,1.99,0.30,96.52,92.54,99.99,46.80
17C8-E20-N11,1.31,1.31,0.20,96.40,92.84,99.99,47.17
17C8-E20-N1,0.71,0.71,0.11,96.22,91.69,99.99,50.03
17C8-E20-N12,2.17,2.17,0.33,96.66,92.76,99.99,46.90
17C8-E20-N13,4.51,4.51,0.68,96.94,92.52,100.00,48.53
17C8-E20-N14,2.45,2.45,0.37,96.57,92.87,99.99,46.22
17C8-E20-N15,2.43,2.43,0.37,96.75,92.90,99.99,46.20
17C8-E20-N17,1.52,1.52,0.23,96.28,92.58,99.99,46.81
17C8-E20-N19,2.43,2.43,0.37,96.36,92.49,99.99,47.53
17C8-E20-N20,4.35,4.35,0.66,97.43,93.83,99.99,47.38
17C8-E20-N21,0.91,0.91,0.14,95.14,90.12,99.99,47.94
17C8-E20-N2,3.94,3.94,0.59,97.28,93.37,99.99,48.17
17C8-E20-N22,1.89,1.89,0.29,96.11,92.07,99.99,47.33
17C8-E20-N23,2.64,2.64,0.40,96.41,92.56,99.99,47.39
17C8-E20-N24,0.99,0.99,0.15,95.65,91.70,99.99,46.69
17C8-E20-N3,0.93,0.93,0.14,93.31,84.84,99.99,46.59
17C8-E20-N4,2.48,2.48,0.38,96.97,93.17,99.99,47.43
17C8-E20-N5,2.12,2.12,0.32,96.00,90.41,99.99,47.44
17C8-E20-N6,2.42,2.42,0.37,97.12,93.48,99.99,47.78
17C8-E20-N7,1.46,1.46,0.22,96.04,92.28,99.99,47.16
17C8-E20-N8,3.16,3.16,0.48,97.11,93.13,99.99,47.85
17C8-E20-N9,2.64,2.64,0.40,96.98,92.63,99.99,48.03
17C8-E20-O10,0.77,0.77,0.12,94.53,89.86,99.99,46.34
17C8-E20-O11,1.37,1.37,0.21,95.60,91.58,99.99,45.75
17C8-E20-O1,1.62,1.62,0.24,96.25,92.06,99.99,47.94
17C8-E20-O12,1.23,1.23,0.19,94.80,88.57,99.99,47.01
17C8-E20-O13,1.38,1.38,0.21,95.59,91.20,99.99,47.03
17C8-E20-O14,1.51,1.51,0.23,96.20,92.50,99.99,46.31
17C8-E20-O15,2.01,2.01,0.30,96.89,93.23,99.99,47.44
17C8-E20-O16,3.03,3.03,0.46,97.15,93.58,99.99,46.81
17C8-E20-O17,2.71,2.71,0.41,96.66,92.50,99.99,46.45
17C8-E20-O18,2.42,2.42,0.37,96.73,92.97,99.99,47.28
17C8-E20-O19,2.50,2.50,0.38,95.28,88.36,99.99,46.77
17C8-E20-O20,0.99,0.99,0.15,96.10,92.44,99.99,46.76
17C8-E20-O21,4.31,4.30,0.65,96.25,92.09,99.99,46.47
17C8-E20-O2,1.63,1.63,0.25,96.66,92.94,99.99,47.25
17C8-E20-O22,1.62,1.62,0.24,95.98,92.04,99.99,47.02
17C8-E20-O23,1.14,1.14,0.17,95.89,91.99,99.99,47.20
17C8-E20-O24,2.68,2.68,0.40,97.06,93.42,99.99,47.83
17C8-E20-O3,1.34,1.34,0.20,96.02,92.12,99.99,47.42
17C8-E20-O4,3.33,3.33,0.50,96.99,92.87,100.00,46.64
17C8-E20-O5,2.06,2.06,0.31,96.66,92.85,99.99,46.86
17C8-E20-O6,1.22,1.22,0.18,95.01,88.77,99.99,47.38
17C8-E20-O7,0.58,0.58,0.09,95.89,89.55,99.99,46.85
17C8-E20-O8,2.12,2.12,0.32,96.85,92.97,99.99,46.49
17C8-E20-O9,2.18,2.18,0.33,96.64,92.93,99.99,47.77
17C8-E20-P10,0.10,0.10,0.01,79.71,70.25,99.92,34.44
17C8-E20-P11,3.22,3.22,0.49,96.94,92.38,99.99,47.59
17C8-E20-P1,2.32,2.32,0.35,96.85,93.09,99.99,47.76
17C8-E20-P12,4.28,4.28,0.65,97.25,93.08,99.99,48.40
17C8-E20-P13,2.48,2.48,0.37,96.62,92.41,99.99,46.66
17C8-E20-P14,3.24,3.24,0.49,97.01,93.25,99.99,47.84
17C8-E20-P15,2.49,2.49,0.38,96.16,90.91,99.99,47.25
17C8-E20-P17,3.13,3.13,0.47,97.18,93.59,99.99,46.80
17C8-E20-P19,2.90,2.90,0.44,96.80,92.92,99.99,46.81
17C8-E20-P20,1.47,1.47,0.22,95.72,91.76,99.99,46.41
17C8-E20-P21,0.85,0.85,0.13,94.21,88.48,100.00,46.51
17C8-E20-P2,1.85,1.85,0.28,96.82,93.14,99.99,47.30
17C8-E20-P22,2.77,2.77,0.42,97.24,93.65,99.99,47.91
17C8-E20-P23,1.57,1.57,0.24,96.24,92.44,99.99,47.75
17C8-E20-P24,0.56,0.56,0.08,93.82,89.60,99.99,47.73
17C8-E20-P3,2.32,2.32,0.35,97.06,93.48,99.99,48.04
17C8-E20-P4,2.04,2.04,0.31,96.98,93.31,99.99,47.12
17C8-E20-P5,1.69,1.69,0.25,96.69,93.05,99.99,48.20
17C8-E20-P6,1.96,1.96,0.30,96.81,93.19,99.99,46.99
17C8-E20-P7,2.51,2.51,0.38,94.22,85.60,100.00,47.35
17C8-E20-P8,1.43,1.43,0.22,96.44,92.64,99.99,45.89
17C8-E20-P9,4.22,4.22,0.64,96.95,92.79,99.99,47.78
17C8-T20-A1,3.33,3.33,0.50,96.62,92.53,100.00,46.20
17C8-T20-B1,0.00,0.00,0.00,93.60,89.61,100.00,74.18
17C8-T20-C1,4.35,4.35,0.66,96.72,92.63,99.99,47.33
17C8-T20-D1,0.00,0.00,0.00,93.42,90.56,100.00,86.03
17C8-T20-E1,2.68,2.68,0.40,96.68,92.81,99.99,46.97
17C8-T20-F1,0.00,0.00,0.00,91.36,88.09,100.00,89.14
17C8-T20-G1,4.45,4.45,0.67,96.87,92.66,99.99,48.03
17C8-T20-H1,0.00,0.00,0.00,95.17,89.78,100.00,79.71
17C8-T20-I1,3.47,3.47,0.52,95.54,88.90,99.99,48.00
17C8-T20-J1,0.00,0.00,0.00,93.41,90.31,100.00,78.95
17C8-T20-K1,3.18,3.18,0.48,96.06,91.27,99.99,47.57
17C8-T20-L1,0.00,0.00,0.00,95.25,91.59,100.00,84.53
17C8-T20-M1,3.69,3.69,0.56,96.78,92.47,99.99,47.92
17C8-T20-N1,0.00,0.00,0.00,94.25,89.70,100.00,80.09
17C8-T20-O1,1.57,1.57,0.24,96.41,92.50,99.99,46.51
17C8-T20-P1,0.00,0.00,0.00,94.80,91.59,100.00,75.32
3C15-E19-A10,1.54,1.54,0.23,96.13,92.28,99.99,48.20
3C15-E19-A11,2.84,2.84,0.43,96.84,93.14,99.99,48.16
3C15-E19-A12,1.48,1.48,0.22,95.80,91.73,99.99,47.74
3C15-E19-A13,2.60,2.60,0.39,96.28,92.28,99.99,48.51
3C15-E19-A1,1.39,1.39,0.21,96.61,93.00,99.99,49.17
3C15-E19-A14,1.48,1.48,0.22,96.04,92.30,99.99,48.19
3C15-E19-A15,2.51,2.51,0.38,96.79,93.09,99.99,47.12
3C15-E19-A16,2.20,2.20,0.33,95.97,92.20,99.99,47.94
3C15-E19-A17,2.05,2.05,0.31,96.36,92.69,99.99,48.08
3C15-E19-A18,3.46,3.46,0.52,96.91,93.07,99.99,48.28
3C15-E19-A19,1.27,1.27,0.19,95.11,89.91,99.99,47.59
3C15-E19-A20,2.30,2.30,0.35,95.92,92.08,99.99,47.35
3C15-E19-A21,2.29,2.28,0.35,96.22,92.39,99.99,47.72
3C15-E19-A22,2.61,2.61,0.39,96.38,92.63,99.99,47.73
3C15-E19-A23,2.04,2.04,0.31,96.02,91.84,99.99,48.00
3C15-E19-A2,0.11,0.11,0.02,92.72,83.77,99.99,46.83
3C15-E19-A24,0.64,0.64,0.10,94.31,89.88,99.98,47.71
3C15-E19-A3,1.57,1.57,0.24,95.00,88.81,99.99,48.14
3C15-E19-A4,1.53,1.53,0.23,95.78,91.86,99.99,48.09
3C15-E19-A5,2.74,2.74,0.41,96.72,92.67,99.99,46.95
3C15-E19-A6,1.93,1.93,0.29,96.44,92.56,99.99,48.52
3C15-E19-A7,2.11,2.11,0.32,96.42,92.72,99.99,47.53
3C15-E19-A8,1.35,1.35,0.20,95.59,91.63,99.99,47.90
3C15-E19-A9,2.08,2.08,0.31,96.45,92.74,99.99,48.34
3C15-E19-B10,1.91,1.91,0.29,94.48,88.04,99.99,48.27
3C15-E19-B11,2.88,2.88,0.43,96.65,92.81,99.99,48.01
3C15-E19-B12,1.65,1.65,0.25,95.53,91.10,99.99,47.46
3C15-E19-B13,1.52,1.52,0.23,95.28,90.40,99.99,48.06
3C15-E19-B1,1.69,1.69,0.25,95.63,89.94,100.00,48.13
3C15-E19-B14,1.87,1.87,0.28,96.31,92.30,99.99,48.26
3C15-E19-B15,1.50,1.50,0.23,94.17,85.64,100.00,46.86
3C15-E19-B16,1.51,1.51,0.23,94.28,86.76,99.99,46.72
3C15-E19-B17,1.12,1.12,0.17,95.53,91.18,99.99,47.05
3C15-E19-B18,2.76,2.76,0.42,96.60,92.55,99.99,47.72
3C15-E19-B19,1.73,1.73,0.26,94.72,88.24,99.99,47.49
3C15-E19-B20,1.72,1.72,0.26,95.33,91.41,99.99,47.75
3C15-E19-B21,3.66,3.66,0.55,96.90,93.17,99.99,48.02
3C15-E19-B22,2.54,2.54,0.38,96.69,93.09,99.99,47.54
3C15-E19-B23,1.94,1.94,0.29,94.92,88.66,99.99,48.23
3C15-E19-B2,2.74,2.74,0.41,97.11,93.47,99.99,48.34
3C15-E19-B24,2.53,2.53,0.38,96.30,91.46,99.99,48.07
3C15-E19-B3,0.69,0.69,0.10,93.80,88.81,99.98,47.58
3C15-E19-B4,2.60,2.60,0.39,97.22,93.54,100.00,47.50
3C15-E19-B5,1.45,1.45,0.22,96.15,91.79,99.99,47.91
3C15-E19-B6,1.54,1.54,0.23,96.18,92.25,99.99,47.23
3C15-E19-B7,2.24,2.24,0.34,96.35,92.68,99.99,48.27
3C15-E19-B8,2.16,2.16,0.33,95.89,91.75,99.99,47.22
3C15-E19-B9,2.26,2.26,0.34,96.60,92.91,99.99,47.48
3C15-E19-C10,2.31,2.31,0.35,96.48,91.62,100.00,47.20
3C15-E19-C11,4.29,4.29,0.65,96.97,92.89,99.99,48.27
3C15-E19-C12,3.19,3.19,0.48,96.97,93.09,99.99,48.01
3C15-E19-C13,4.51,4.51,0.68,97.22,93.50,99.99,48.77
3C15-E19-C1,1.32,1.32,0.20,96.12,92.36,99.99,48.66
3C15-E19-C14,3.69,3.69,0.56,97.06,93.36,99.99,47.53
3C15-E19-C15,3.38,3.38,0.51,96.87,93.19,99.99,48.20
3C15-E19-C16,2.35,2.35,0.36,96.03,91.04,99.99,47.35
3C15-E19-C17,2.18,2.18,0.33,96.22,92.26,99.99,47.05
3C15-E19-C18,1.63,1.63,0.25,96.37,92.59,99.99,47.40
3C15-E19-C19,3.92,3.92,0.59,97.06,93.41,99.99,48.34
3C15-E19-C20,3.31,3.31,0.50,96.91,93.19,99.99,48.52
3C15-E19-C21,1.52,1.52,0.23,95.38,91.29,99.99,48.08
3C15-E19-C22,1.94,1.94,0.29,96.11,92.22,99.99,47.67
3C15-E19-C23,2.78,2.78,0.42,96.76,93.10,99.99,47.89
3C15-E19-C2,2.74,2.74,0.41,94.43,86.07,100.00,48.44
3C15-E19-C24,3.38,3.38,0.51,97.06,93.32,99.99,47.48
3C15-E19-C3,1.79,1.79,0.27,96.39,92.34,99.99,47.10
3C15-E19-C4,2.00,2.00,0.30,96.80,93.07,99.99,48.53
3C15-E19-C5,2.28,2.28,0.34,96.66,92.57,100.00,47.26
3C15-E19-C6,1.13,1.13,0.17,97.12,93.68,99.99,49.70
3C15-E19-C7,2.69,2.69,0.41,96.63,92.38,99.99,47.84
3C15-E19-C8,3.50,3.50,0.53,96.67,92.38,99.99,47.56
3C15-E19-C9,1.96,1.96,0.30,96.59,92.41,100.00,46.52
3C15-E19-D10,4.22,4.22,0.64,97.03,93.10,99.99,47.91
3C15-E19-D11,3.49,3.49,0.53,97.06,93.30,99.99,47.62
3C15-E19-D12,2.77,2.77,0.42,96.88,92.83,99.99,47.35
3C15-E19-D13,1.91,1.91,0.29,94.04,85.62,99.99,46.43
3C15-E19-D1,2.62,2.62,0.40,96.74,92.46,100.00,48.59
3C15-E19-D14,3.78,3.78,0.57,97.16,93.18,99.99,47.60
3C15-E19-D15,2.08,2.08,0.31,95.95,90.47,100.00,46.06
3C15-E19-D16,2.89,2.89,0.44,96.36,92.56,99.99,47.08
3C15-E19-D17,3.98,3.98,0.60,96.81,92.77,99.99,48.09
3C15-E19-D18,2.28,2.28,0.34,96.72,92.99,99.99,47.36
3C15-E19-D19,3.99,3.99,0.60,97.16,93.42,99.99,47.23
3C15-E19-D20,2.65,2.65,0.40,96.39,92.72,99.99,47.58
3C15-E19-D21,2.62,2.62,0.40,96.66,92.99,100.00,47.23
3C15-E19-D22,2.22,2.22,0.33,95.70,91.71,99.99,46.78
3C15-E19-D23,2.47,2.47,0.37,96.39,92.63,99.99,47.72
3C15-E19-D2,2.49,2.49,0.38,96.97,93.18,99.99,46.80
3C15-E19-D24,1.84,1.84,0.28,96.03,92.07,99.99,48.01
3C15-E19-D3,2.38,2.38,0.36,96.68,92.87,99.99,47.12
3C15-E19-D4,2.72,2.72,0.41,97.02,93.19,99.99,47.70
3C15-E19-D5,1.88,1.88,0.28,96.56,92.72,99.99,48.44
3C15-E19-D6,2.19,2.19,0.33,97.16,93.63,99.99,47.86
3C15-E19-D7,2.76,2.76,0.42,96.39,91.38,99.99,48.38
3C15-E19-D8,0.78,0.78,0.12,93.75,85.18,100.00,46.22
3C15-E19-D9,3.39,3.39,0.51,96.16,90.30,99.99,48.05
3C15-E19-E10,3.33,3.33,0.50,96.91,92.92,99.99,48.55
3C15-E19-E11,4.25,4.25,0.64,96.72,92.40,99.99,47.97
3C15-E19-E12,3.61,3.61,0.54,96.45,91.35,99.99,47.60
3C15-E19-E13,3.60,3.60,0.54,96.52,91.86,99.99,47.89
3C15-E19-E1,2.07,2.07,0.31,96.81,93.02,99.99,48.80
3C15-E19-E14,3.60,3.60,0.54,96.71,92.53,99.99,47.77
3C15-E19-E15,5.43,5.43,0.82,97.18,93.29,99.99,47.97
3C15-E19-E16,3.43,3.43,0.52,96.65,91.84,100.00,48.00
3C15-E19-E17,3.69,3.69,0.56,96.91,92.97,99.99,47.62
3C15-E19-E18,1.46,1.46,0.22,95.91,91.00,99.99,47.51
3C15-E19-E19,3.79,3.79,0.57,97.22,93.69,100.00,48.07
3C15-E19-E20,3.76,3.76,0.57,97.06,93.28,99.99,48.09
3C15-E19-E21,1.97,1.97,0.30,96.07,91.34,99.99,47.34
3C15-E19-E22,1.68,1.68,0.25,94.85,88.38,99.99,48.14
3C15-E19-E23,2.81,2.81,0.42,96.71,92.90,99.99,47.90
3C15-E19-E2,2.06,2.06,0.31,96.60,92.34,99.99,48.06
3C15-E19-E24,2.67,2.67,0.40,96.06,91.73,99.99,46.70
3C15-E19-E3,2.80,2.80,0.42,96.87,93.16,99.99,48.20
3C15-E19-E4,1.75,1.75,0.26,95.58,89.12,100.00,47.12
3C15-E19-E5,1.74,1.74,0.26,96.66,92.83,99.99,47.65
3C15-E19-E6,2.42,2.42,0.37,96.46,91.34,99.99,48.03
3C15-E19-E7,3.73,3.73,0.56,96.11,90.31,99.99,48.36
3C15-E19-E8,4.11,4.11,0.62,97.09,92.98,99.99,48.89
3C15-E19-E9,3.26,3.26,0.49,96.08,90.48,99.99,47.75
3C15-E19-F10,3.80,3.80,0.57,96.73,92.47,99.99,47.70
3C15-E19-F11,5.90,5.90,0.89,96.91,92.50,99.99,47.62
3C15-E19-F12,3.67,3.67,0.55,97.10,93.31,99.99,48.34
3C15-E19-F13,2.91,2.91,0.44,96.23,91.25,99.99,47.66
3C15-E19-F1,1.24,1.24,0.19,97.97,94.72,99.99,52.00
3C15-E19-F14,4.43,4.43,0.67,97.24,93.56,99.99,46.95
3C15-E19-F15,4.59,4.59,0.69,97.19,93.22,99.99,46.98
3C15-E19-F16,2.26,2.26,0.34,95.10,88.50,99.99,47.65
3C15-E19-F17,4.03,4.03,0.61,96.78,92.60,99.99,46.55
3C15-E19-F18,3.36,3.36,0.51,97.04,93.06,99.99,47.33
3C15-E19-F19,3.31,3.30,0.50,95.02,87.69,100.00,47.33
3C15-E19-F20,4.53,4.53,0.68,97.18,93.62,99.99,47.05
3C15-E19-F21,2.51,2.51,0.38,96.53,92.78,99.99,48.11
3C15-E19-F22,1.26,1.26,0.19,95.21,91.33,99.99,47.28
3C15-E19-F23,1.45,1.45,0.22,95.38,91.19,99.99,47.64
3C15-E19-F2,2.25,2.25,0.34,96.72,93.04,99.99,48.41
3C15-E19-F24,1.48,1.48,0.22,95.18,91.23,99.99,48.93
3C15-E19-F3,2.67,2.67,0.40,95.59,88.76,99.99,47.27
3C15-E19-F4,1.13,1.13,0.17,95.57,91.59,99.99,47.82
3C15-E19-F5,2.09,2.09,0.32,96.03,90.68,99.99,46.23
3C15-E19-F6,3.78,3.78,0.57,97.26,93.34,99.99,47.45
3C15-E19-F7,4.66,4.66,0.70,96.92,92.15,100.00,47.85
3C15-E19-F8,4.84,4.84,0.73,97.23,93.38,99.99,48.30
3C15-E19-F9,3.76,3.76,0.57,97.19,92.98,100.00,49.64
3C15-E19-G10,4.48,4.48,0.68,97.09,93.03,99.99,47.77
3C15-E19-G11,4.08,4.08,0.62,96.53,91.15,99.99,47.37
3C15-E19-G12,3.57,3.57,0.54,96.86,92.54,99.99,47.37
3C15-E19-G13,2.80,2.80,0.42,96.46,92.51,99.99,48.06
3C15-E19-G1,1.29,1.29,0.19,95.50,91.73,99.99,48.25
3C15-E19-G14,5.09,5.09,0.77,96.88,92.56,99.99,46.66
3C15-E19-G15,5.20,5.20,0.79,97.17,93.36,100.00,47.58
3C15-E19-G16,3.63,3.63,0.55,96.69,92.82,99.99,47.50
3C15-E19-G17,4.61,4.61,0.70,96.91,92.76,99.99,47.40
3C15-E19-G18,2.45,2.44,0.37,96.28,92.47,99.99,47.65
3C15-E19-G19,3.25,3.25,0.49,96.95,92.89,99.99,48.33
3C15-E19-G20,0.00,0.00,0.00,90.92,88.14,100.00,85.96
3C15-E19-G21,3.15,3.15,0.48,96.81,92.73,99.99,46.47
3C15-E19-G22,1.84,1.84,0.28,94.86,87.47,99.99,47.07
3C15-E19-G23,2.18,2.18,0.33,95.53,90.36,99.99,47.52
3C15-E19-G2,1.83,1.83,0.28,95.62,89.93,100.00,47.64
3C15-E19-G24,2.45,2.45,0.37,96.54,92.66,99.99,48.15
3C15-E19-G3,2.12,2.12,0.32,96.09,91.88,99.99,48.19
3C15-E19-G4,1.34,1.34,0.20,95.14,91.04,99.99,47.78
3C15-E19-G5,4.03,4.03,0.61,97.23,93.36,100.00,48.19
3C15-E19-G6,2.09,2.09,0.32,94.71,86.81,99.99,46.75
3C15-E19-G7,2.59,2.59,0.39,97.06,93.45,99.99,48.57
3C15-E19-G8,2.37,2.37,0.36,96.50,92.77,100.00,47.45
3C15-E19-G9,3.79,3.79,0.57,96.95,92.61,99.99,47.30
3C15-E19-H10,4.09,4.09,0.62,97.27,93.51,100.00,48.00
3C15-E19-H11,4.32,4.32,0.65,95.77,89.59,100.00,48.52
3C15-E19-H12,4.59,4.59,0.69,96.57,91.44,100.00,47.53
3C15-E19-H13,4.68,4.68,0.71,96.84,92.32,100.00,47.62
3C15-E19-H1,1.65,1.65,0.25,96.53,92.69,99.99,49.42
3C15-E19-H14,4.54,4.54,0.69,96.96,92.59,99.99,47.55
3C15-E19-H15,4.37,4.37,0.66,96.89,92.98,100.00,47.79
3C15-E19-H16,1.15,1.15,0.17,94.00,86.77,99.99,47.78
3C15-E19-H17,4.37,4.37,0.66,97.06,92.97,99.99,47.78
3C15-E19-H18,5.08,5.08,0.77,96.92,92.58,99.99,47.75
3C15-E19-H19,3.35,3.35,0.51,96.88,93.35,99.99,47.19
3C15-E19-H20,4.83,4.83,0.73,97.29,93.63,99.99,47.10
3C15-E19-H21,2.65,2.65,0.40,96.47,92.61,99.99,47.59
3C15-E19-H22,3.52,3.52,0.53,96.77,92.88,99.99,47.22
3C15-E19-H23,4.11,4.11,0.62,97.27,93.53,99.99,47.89
3C15-E19-H2,2.19,2.19,0.33,96.38,92.02,99.99,47.51
3C15-E19-H24,1.41,1.41,0.21,94.26,87.69,100.00,48.53
3C15-E19-H3,1.64,1.64,0.25,96.23,91.97,99.99,47.51
3C15-E19-H4,2.35,2.35,0.36,96.68,93.05,99.99,48.10
3C15-E19-H5,3.48,3.48,0.53,97.28,93.48,99.99,47.66
3C15-E19-H6,3.26,3.26,0.49,97.17,93.23,99.99,48.38
3C15-E19-H7,4.23,4.23,0.64,97.03,93.05,99.99,47.75
3C15-E19-H8,5.38,5.38,0.81,97.02,93.00,99.99,47.72
3C15-E19-H9,3.75,3.75,0.57,96.91,92.64,100.00,47.64
3C15-E19-I10,3.28,3.28,0.49,96.89,92.94,99.99,47.45
3C15-E19-I11,2.84,2.84,0.43,96.80,93.03,99.99,47.74
3C15-E19-I12,4.08,4.08,0.62,96.83,92.77,99.99,47.78
3C15-E19-I13,4.87,4.87,0.74,96.69,91.98,99.99,47.86
3C15-E19-I1,0.73,0.73,0.11,94.10,87.58,99.99,48.77
3C15-E19-I14,3.72,3.72,0.56,96.99,93.13,99.99,47.70
3C15-E19-I15,4.41,4.41,0.67,97.24,93.53,99.99,48.08
3C15-E19-I16,3.92,3.92,0.59,96.55,91.61,99.99,48.31
3C15-E19-I17,4.00,4.00,0.60,96.50,91.59,99.99,47.67
3C15-E19-I18,3.76,3.76,0.57,97.00,92.87,99.99,47.70
3C15-E19-I19,4.30,4.30,0.65,97.13,93.31,99.99,47.45
3C15-E19-I20,4.60,4.60,0.70,96.77,91.84,99.99,47.38
3C15-E19-I21,2.39,2.39,0.36,96.40,92.52,99.99,47.45
3C15-E19-I22,1.86,1.86,0.28,96.19,92.40,99.99,47.60
3C15-E19-I23,1.62,1.62,0.24,95.83,91.52,99.99,48.09
3C15-E19-I2,1.76,1.76,0.27,96.66,92.98,99.99,47.95
3C15-E19-I24,2.67,2.67,0.40,96.82,93.29,99.99,48.26
3C15-E19-I3,1.23,1.23,0.19,95.75,91.94,99.99,47.65
3C15-E19-I4,2.40,2.40,0.36,96.94,93.28,99.99,48.15
3C15-E19-I5,2.22,2.22,0.34,95.87,91.84,99.99,48.12
3C15-E19-I6,2.37,2.37,0.36,96.66,91.86,99.99,46.75
3C15-E19-I7,1.45,1.45,0.22,95.50,91.34,99.99,47.56
3C15-E19-I8,1.86,1.86,0.28,93.52,84.56,99.99,47.95
3C15-E19-I9,2.46,2.46,0.37,95.27,88.49,99.99,46.06
3C15-E19-J10,4.13,4.13,0.62,96.13,89.94,99.99,46.66
3C15-E19-J11,4.48,4.48,0.68,97.04,92.81,99.99,48.38
3C15-E19-J12,2.57,2.57,0.39,96.48,91.49,99.99,46.88
3C15-E19-J13,3.00,3.00,0.45,97.00,92.82,99.99,47.24
3C15-E19-J1,1.27,1.27,0.19,94.42,86.39,99.99,47.44
3C15-E19-J14,3.02,3.02,0.46,96.77,92.75,99.99,47.76
3C15-E19-J15,2.55,2.55,0.38,96.44,92.19,99.99,47.55
3C15-E19-J16,2.13,2.13,0.32,96.12,91.67,99.99,47.76
3C15-E19-J17,2.58,2.58,0.39,96.71,92.79,99.99,47.54
3C15-E19-J18,3.45,3.45,0.52,96.95,93.01,99.99,46.58
3C15-E19-J19,3.81,3.81,0.57,96.65,92.72,99.99,46.66
3C15-E19-J20,4.43,4.43,0.67,96.73,92.52,99.99,47.23
3C15-E19-J21,1.19,1.19,0.18,94.48,88.88,99.99,47.89
3C15-E19-J22,1.53,1.53,0.23,95.93,92.04,99.99,47.76
3C15-E19-J23,5.85,5.85,0.88,97.17,93.20,100.00,48.30
3C15-E19-J2,2.91,2.91,0.44,96.75,92.91,99.99,48.34
3C15-E19-J24,3.37,3.37,0.51,96.69,92.72,99.99,47.79
3C15-E19-J3,3.18,3.18,0.48,97.07,93.20,99.99,48.83
3C15-E19-J4,1.47,1.47,0.22,96.90,92.67,99.99,46.88
3C15-E19-J5,2.31,2.31,0.35,96.75,93.02,99.99,46.97
3C15-E19-J6,3.10,3.10,0.47,97.00,93.20,99.99,48.14
3C15-E19-J7,2.64,2.64,0.40,96.48,92.70,99.99,47.72
3C15-E19-J8,2.87,2.87,0.43,96.88,93.16,99.99,48.17
3C15-E19-J9,4.58,4.58,0.69,97.12,93.28,99.99,48.31
3C15-E19-K10,3.49,3.49,0.53,96.96,92.91,100.00,47.48
3C15-E19-K11,2.38,2.38,0.36,96.47,92.72,99.99,47.30
3C15-E19-K12,3.34,3.34,0.51,96.88,92.92,99.99,47.27
3C15-E19-K13,3.87,3.87,0.58,96.25,91.18,99.99,47.45
3C15-E19-K1,2.09,2.09,0.32,96.45,92.64,99.99,48.28
3C15-E19-K14,3.36,3.35,0.51,96.84,93.12,99.99,46.75
3C15-E19-K15,4.33,4.33,0.65,96.87,92.71,99.99,47.56
3C15-E19-K16,2.84,2.84,0.43,96.57,92.87,99.99,47.13
3C15-E19-K17,0.80,0.80,0.12,89.76,77.43,99.99,45.58
3C15-E19-K18,3.96,3.96,0.60,97.21,93.37,99.99,47.14
3C15-E19-K19,3.45,3.45,0.52,97.06,93.34,99.99,47.58
3C15-E19-K20,2.62,2.62,0.40,96.59,92.81,99.99,48.33
3C15-E19-K21,3.27,3.27,0.49,96.79,93.14,99.99,47.76
3C15-E19-K22,1.57,1.57,0.24,95.49,91.20,99.99,47.34
3C15-E19-K23,2.64,2.64,0.40,96.78,93.11,100.00,47.01
3C15-E19-K2,1.32,1.32,0.20,96.22,92.47,99.99,47.33
3C15-E19-K24,2.23,2.23,0.34,96.24,92.38,99.99,47.24
3C15-E19-K3,3.00,3.00,0.45,96.86,92.32,99.99,47.33
3C15-E19-K4,1.89,1.89,0.29,96.56,92.84,99.99,47.66
3C15-E19-K5,1.89,1.89,0.29,96.74,92.95,99.99,47.92
3C15-E19-K6,2.09,2.09,0.32,96.97,92.92,100.00,48.36
3C15-E19-K7,3.16,3.16,0.48,96.86,93.27,100.00,47.70
3C15-E19-K8,0.81,0.81,0.12,95.58,91.09,100.00,45.64
3C15-E19-K9,2.63,2.63,0.40,96.58,91.78,100.00,46.85
3C15-E19-L10,2.27,2.27,0.34,96.16,92.28,99.99,47.70
3C15-E19-L11,2.51,2.51,0.38,96.36,92.52,99.99,47.42
3C15-E19-L12,3.25,3.24,0.49,96.72,92.47,99.99,47.21
3C15-E19-L13,3.52,3.52,0.53,97.09,93.44,99.99,47.61
3C15-E19-L1,1.14,1.14,0.17,95.66,91.70,99.99,47.53
3C15-E19-L14,2.79,2.79,0.42,96.59,92.84,99.99,46.61
3C15-E19-L15,2.80,2.80,0.42,96.17,92.33,99.99,47.34
3C15-E19-L16,0.91,0.91,0.14,94.97,90.69,99.99,46.43
3C15-E19-L17,3.62,3.62,0.55,97.04,93.01,99.99,47.73
3C15-E19-L18,3.54,3.54,0.53,97.01,92.97,99.99,47.85
3C15-E19-L19,2.32,2.32,0.35,96.34,92.39,99.99,47.86
3C15-E19-L20,3.38,3.38,0.51,96.80,92.96,99.99,47.55
3C15-E19-L21,1.32,1.32,0.20,95.37,91.36,99.99,48.68
3C15-E19-L22,1.44,1.44,0.22,95.30,91.19,99.99,48.36
3C15-E19-L23,3.07,3.07,0.46,96.62,92.84,99.99,48.27
3C15-E19-L2,1.49,1.49,0.22,95.77,91.84,99.99,47.52
3C15-E19-L24,2.30,2.30,0.35,96.15,92.02,99.99,47.66
3C15-E19-L3,1.83,1.83,0.28,95.73,89.41,99.99,48.31
3C15-E19-L4,2.52,2.52,0.38,97.09,93.44,99.99,48.32
3C15-E19-L5,2.03,2.03,0.31,96.47,92.54,99.99,47.35
3C15-E19-L6,1.97,1.97,0.30,96.41,92.09,99.99,47.78
3C15-E19-L7,4.21,4.21,0.64,97.03,92.92,99.99,47.83
3C15-E19-L8,0.55,0.55,0.08,91.82,81.02,99.99,46.19
3C15-E19-L9,4.29,4.29,0.65,96.27,90.34,99.99,47.13
3C15-E19-M10,1.45,1.45,0.22,95.53,90.03,99.99,46.30
3C15-E19-M11,1.59,1.59,0.24,95.83,91.82,99.99,48.12
3C15-E19-M12,2.73,2.73,0.41,96.61,92.06,99.99,48.27
3C15-E19-M13,3.78,3.77,0.57,96.95,93.01,99.99,47.45
3C15-E19-M1,1.46,1.46,0.22,96.35,92.61,99.99,47.32
3C15-E19-M14,2.59,2.59,0.39,96.62,92.73,99.99,47.08
3C15-E19-M15,3.27,3.27,0.49,96.79,93.00,99.99,47.02
3C15-E19-M16,2.11,2.11,0.32,96.04,92.06,99.99,47.68
3C15-E19-M17,4.12,4.12,0.62,97.16,93.12,99.99,46.81
3C15-E19-M18,2.10,2.10,0.32,96.41,92.61,99.99,47.70
3C15-E19-M19,3.49,3.49,0.53,96.70,93.05,99.99,47.45
3C15-E19-M20,1.12,1.12,0.17,95.13,90.48,99.99,47.97
3C15-E19-M21,3.57,3.57,0.54,96.84,92.20,99.99,48.09
3C15-E19-M22,0.88,0.88,0.13,94.64,90.28,99.99,47.33
3C15-E19-M23,0.93,0.93,0.14,95.28,91.15,99.99,47.10
3C15-E19-M2,3.01,3.01,0.45,96.81,92.69,99.99,47.58
3C15-E19-M24,1.86,1.86,0.28,95.17,89.70,99.99,46.27
3C15-E19-M3,2.00,2.00,0.30,96.11,92.25,99.99,47.80
3C15-E19-M4,2.78,2.78,0.42,96.77,92.79,100.00,47.92
3C15-E19-M5,1.64,1.64,0.25,95.67,91.65,100.00,47.73
3C15-E19-M6,1.30,1.30,0.20,95.86,91.62,99.99,48.27
3C15-E19-M7,0.84,0.84,0.13,94.31,89.79,99.99,47.41
3C15-E19-M8,1.62,1.62,0.24,95.56,91.64,99.99,47.12
3C15-E19-M9,1.52,1.52,0.23,95.41,91.40,99.99,47.95
3C15-E19-N10,1.99,1.99,0.30,96.01,91.87,99.99,46.50
3C15-E19-N11,2.93,2.93,0.44,96.25,91.41,99.99,47.85
3C15-E19-N12,4.41,4.41,0.67,96.93,93.10,99.99,48.55
3C15-E19-N13,2.44,2.44,0.37,96.28,92.23,99.99,46.37
3C15-E19-N1,1.65,1.65,0.25,96.10,92.36,99.99,47.67
3C15-E19-N14,2.36,2.35,0.36,96.02,92.01,99.99,46.64
3C15-E19-N15,0.49,0.49,0.07,95.88,91.76,99.99,45.75
3C15-E19-N16,3.58,3.58,0.54,97.19,93.50,99.99,47.55
3C15-E19-N17,3.55,3.55,0.54,97.12,93.23,99.99,47.20
3C15-E19-N18,1.01,1.01,0.15,93.81,87.34,100.00,44.73
3C15-E19-N19,2.80,2.80,0.42,96.35,92.07,99.99,47.77
3C15-E19-N20,3.08,3.07,0.46,95.69,89.23,99.99,47.87
3C15-E19-N21,1.05,1.05,0.16,89.53,82.41,99.99,38.93
3C15-E19-N22,0.81,0.81,0.12,94.73,90.73,99.99,46.84
3C15-E19-N23,2.48,2.48,0.37,95.75,91.75,99.99,47.80
3C15-E19-N2,2.36,2.36,0.36,96.72,93.12,99.99,47.57
3C15-E19-N24,1.67,1.67,0.25,95.16,90.93,99.99,46.84
3C15-E19-N3,1.46,1.46,0.22,96.11,92.23,99.99,48.02
3C15-E19-N4,2.06,2.06,0.31,96.75,92.89,99.99,47.81
3C15-E19-N5,1.70,1.70,0.26,95.81,91.89,99.99,48.59
3C15-E19-N6,1.36,1.36,0.21,95.56,91.62,99.99,48.41
3C15-E19-N7,2.90,2.90,0.44,96.30,91.56,99.99,47.33
3C15-E19-N8,0.39,0.39,0.06,93.80,89.35,99.99,46.31
3C15-E19-N9,4.59,4.59,0.69,96.70,92.61,99.99,47.61
3C15-E19-O10,2.61,2.61,0.39,96.11,91.83,99.99,47.49
3C15-E19-O11,3.41,3.41,0.51,96.70,92.72,99.99,47.70
3C15-E19-O12,2.36,2.36,0.36,95.67,91.32,99.99,47.57
3C15-E19-O13,2.47,2.47,0.37,96.06,92.15,99.99,46.81
3C15-E19-O1,3.21,3.21,0.48,97.02,93.25,99.99,48.16
3C15-E19-O14,3.72,3.72,0.56,96.70,92.63,99.99,47.70
3C15-E19-O15,1.27,1.27,0.19,94.68,90.44,99.99,47.20
3C15-E19-O16,1.39,1.39,0.21,95.19,91.11,99.99,48.29
3C15-E19-O17,1.86,1.86,0.28,95.72,91.79,99.99,48.66
3C15-E19-O18,4.27,4.27,0.64,96.61,91.41,99.99,48.07
3C15-E19-O19,3.89,3.89,0.59,95.53,89.08,99.99,47.38
3C15-E19-O20,3.80,3.80,0.57,96.90,93.19,99.99,47.47
3C15-E19-O21,3.03,3.03,0.46,96.49,92.50,99.99,47.97
3C15-E19-O22,1.49,1.49,0.22,94.80,90.52,99.99,46.80
3C15-E19-O23,1.77,1.77,0.27,95.58,91.56,99.99,48.52
3C15-E19-O2,1.36,1.36,0.21,94.81,90.90,99.99,48.27
3C15-E19-O24,2.50,2.50,0.38,96.16,92.41,99.99,48.27
3C15-E19-O3,1.30,1.30,0.20,95.56,91.39,99.99,47.27
3C15-E19-O4,1.32,1.32,0.20,95.09,90.98,99.99,47.74
3C15-E19-O5,0.83,0.83,0.13,93.75,88.02,99.98,49.24
3C15-E19-O6,0.86,0.86,0.13,95.02,90.99,99.98,47.51
3C15-E19-O7,1.78,1.78,0.27,94.54,88.52,100.00,48.03
3C15-E19-O8,1.21,1.21,0.18,95.25,91.28,99.99,48.15
3C15-E19-O9,1.66,1.66,0.25,95.57,91.60,99.99,47.33
3C15-E19-P10,1.65,1.65,0.25,94.61,88.45,99.99,48.28
3C15-E19-P11,2.72,2.72,0.41,96.35,92.52,99.99,46.92
3C15-E19-P12,3.64,3.64,0.55,97.12,93.40,99.99,48.27
3C15-E19-P13,0.71,0.71,0.11,94.11,86.17,99.99,46.01
3C15-E19-P1,2.63,2.63,0.40,95.44,91.11,99.99,49.83
3C15-E19-P14,1.12,1.12,0.17,93.09,87.67,99.99,44.24
3C15-E19-P15,0.95,0.95,0.14,94.67,89.36,99.99,47.35
3C15-E19-P16,2.40,2.40,0.36,96.09,92.14,99.99,47.81
3C15-E19-P17,2.11,2.11,0.32,94.95,88.51,99.99,47.82
3C15-E19-P18,2.58,2.58,0.39,96.22,92.28,99.99,47.47
3C15-E19-P19,2.13,2.13,0.32,95.57,91.38,99.99,47.16
3C15-E19-P20,1.15,1.15,0.17,94.34,89.56,99.98,46.72
3C15-E19-P21,1.57,1.57,0.24,95.57,91.60,99.99,48.95
3C15-E19-P22,2.16,2.16,0.33,95.59,91.48,99.99,48.25
3C15-E19-P23,2.42,2.42,0.37,96.19,92.48,99.99,48.53
3C15-E19-P2,1.57,1.57,0.24,96.26,92.47,99.99,48.23
3C15-E19-P24,3.24,3.24,0.49,96.25,92.22,99.99,48.64
3C15-E19-P3,1.31,1.31,0.20,91.89,80.90,100.00,46.00
3C15-E19-P4,1.37,1.37,0.21,95.92,92.00,99.99,47.61
3C15-E19-P5,0.99,0.99,0.15,95.13,90.86,99.99,48.44
3C15-E19-P6,0.39,0.39,0.06,92.75,88.14,99.92,48.11
3C15-E19-P7,1.40,1.40,0.21,95.22,91.13,99.99,47.74
3C15-E19-P8,2.71,2.71,0.41,96.26,92.40,99.99,47.36
3C15-E19-P9,2.71,2.71,0.41,95.95,91.44,99.99,48.50
